Student_ID,Student_Name,Age,Gender,Department,Semester,CGPA,Attendance_Percentage,City
STU0001,Student_1,19,Male,AI&DS,5,6.58,65.6,Raipur
STU0002,Student_2,19,Female,CSE,1,5.91,69.3,Hyderabad
STU0003,Student_3,18,Male,AI&DS,7,6.47,83.6,Raipur
STU0004,Student_4,20,Female,ME,5,6.18,98.3,Delhi
STU0005,Student_5,19,Male,CE,2,7.08,73.8,Delhi
STU0006,Student_6,18,Female,EE,2,9.78,75.1,Hyderabad
STU0007,Student_7,22,Female,EE,4,8.6,61.8,Mumbai
STU0008,Student_8,22,Male,ECE,2,7.17,78.1,Delhi
STU0009,Student_9,20,Female,ME,4,8.45,88.1,Bangalore
STU0010,Student_10,19,Male,EE,4,6.22,75.2,Bangalore
STU0011,Student_11,21,Female,CSE,4,9.12,92.2,Pune
STU0012,Student_12,22,Male,ECE,6,6.44,80.0,Bangalore
STU0013,Student_13,25,Male,ME,3,6.59,82.5,Delhi
STU0014,Student_14,24,Female,ME,4,9.89,65.5,Pune
STU0015,Student_15,19,Male,CSE,3,8.26,91.7,Pune
STU0016,Student_16,19,Female,CE,8,7.83,98.8,Raipur
STU0017,Student_17,19,Female,AI&DS,6,5.99,77.4,Pune
STU0018,Student_18,18,Female,EE,3,7.73,64.3,Bangalore
STU0019,Student_19,22,Male,ECE,6,8.86,81.6,Hyderabad
STU0020,Student_20,18,Female,CE,1,5.99,74.5,Delhi
STU0021,Student_21,21,Male,ECE,2,5.88,79.4,Raipur
STU0022,Student_22,20,Male,AI&DS,8,9.67,66.6,Hyderabad
STU0023,Student_23,24,Male,EE,4,8.64,76.0,Bangalore
STU0024,Student_24,23,Female,EE,8,6.03,69.0,Delhi
STU0025,Student_25,18,Male,EE,4,5.53,88.3,Raipur
STU0026,Student_26,21,Male,CSE,6,5.81,69.5,Bangalore
STU0027,Student_27,25,Male,EE,3,8.68,95.3,Hyderabad
STU0028,Student_28,25,Male,CE,7,6.34,63.9,Pune
STU0029,Student_29,23,Female,CE,8,9.3,62.2,Bangalore
STU0030,Student_30,19,Male,CE,6,9.02,64.4,Mumbai
STU0031,Student_31,21,Female,ECE,7,6.31,78.5,Raipur
STU0032,Student_32,25,Male,CSE,1,9.76,97.1,Mumbai
STU0033,Student_33,20,Female,CE,8,6.44,76.0,Raipur
STU0034,Student_34,20,Female,CSE,7,6.67,91.4,Pune
STU0035,Student_35,22,Female,AI&DS,8,6.18,71.9,Raipur
STU0036,Student_36,18,Female,CSE,1,8.07,80.1,Hyderabad
STU0037,Student_37,20,Male,EE,2,9.25,62.7,Raipur
STU0038,Student_38,21,Female,CSE,4,8.05,61.6,Raipur
STU0039,Student_39,24,Female,ME,4,8.45,72.6,Delhi
STU0040,Student_40,24,Male,AI&DS,5,7.51,97.2,Raipur
STU0041,Student_41,18,Female,EE,2,5.82,68.5,Delhi
STU0042,Student_42,20,Female,CSE,4,7.13,66.3,Hyderabad
STU0043,Student_43,22,Male,AI&DS,5,9.6,64.1,Mumbai
STU0044,Student_44,22,Male,CSE,3,6.7,84.2,Bangalore
STU0045,Student_45,23,Male,AI&DS,5,7.72,70.0,Raipur
STU0046,Student_46,19,Female,ME,1,5.52,90.8,Bangalore
STU0047,Student_47,22,Male,AI&DS,8,7.93,77.1,Raipur
STU0048,Student_48,19,Male,AI&DS,3,7.9,93.4,Hyderabad
STU0049,Student_49,20,Female,ECE,1,6.86,96.0,Raipur
STU0050,Student_50,23,Male,AI&DS,4,8.43,74.1,Hyderabad
STU0051,Student_51,24,Male,ECE,3,9.8,92.4,Pune
STU0052,Student_52,18,Male,AI&DS,6,8.94,76.5,Bangalore
STU0053,Student_53,21,Female,ECE,2,7.18,61.5,Pune
STU0054,Student_54,21,Male,CE,6,6.84,91.8,Mumbai
STU0055,Student_55,21,Male,AI&DS,4,7.25,71.1,Raipur
STU0056,Student_56,22,Female,AI&DS,7,8.49,93.7,Delhi
STU0057,Student_57,18,Male,ME,3,8.05,99.3,Raipur
STU0058,Student_58,19,Female,ME,6,7.42,99.4,Raipur
STU0059,Student_59,24,Male,ME,1,8.62,60.1,Hyderabad
STU0060,Student_60,21,Female,CE,2,9.68,96.8,Hyderabad
STU0061,Student_61,23,Male,AI&DS,5,7.73,86.7,Delhi
STU0062,Student_62,24,Female,EE,3,6.34,86.6,Pune
STU0063,Student_63,20,Female,CE,1,6.84,68.4,Hyderabad
STU0064,Student_64,23,Female,CE,8,8.47,80.4,Bangalore
STU0065,Student_65,20,Male,ME,6,5.91,98.1,Mumbai
STU0066,Student_66,22,Male,ECE,3,5.61,69.8,Pune
STU0067,Student_67,19,Female,CE,4,8.66,75.4,Pune
STU0068,Student_68,21,Male,AI&DS,1,9.43,94.4,Raipur
STU0069,Student_69,24,Male,ECE,8,5.72,70.0,Raipur
STU0070,Student_70,25,Male,CE,6,9.68,95.7,Hyderabad
STU0071,Student_71,24,Female,ECE,8,7.48,90.1,Bangalore
STU0072,Student_72,22,Female,AI&DS,4,6.71,63.1,Delhi
STU0073,Student_73,21,Female,ME,6,9.43,63.2,Mumbai
STU0074,Student_74,21,Female,AI&DS,3,8.61,62.6,Pune
STU0075,Student_75,23,Female,CE,1,6.41,76.8,Hyderabad
STU0076,Student_76,18,Female,CE,1,9.65,71.9,Pune
STU0077,Student_77,24,Male,CE,4,6.7,79.4,Pune
STU0078,Student_78,23,Female,AI&DS,3,9.2,96.8,Hyderabad
STU0079,Student_79,18,Female,EE,1,5.87,77.1,Pune
STU0080,Student_80,20,Male,ME,7,6.94,78.2,Delhi
STU0081,Student_81,24,Female,CE,5,9.17,78.8,Bangalore
STU0082,Student_82,18,Female,ECE,2,8.94,86.1,Raipur
STU0083,Student_83,21,Male,CSE,3,6.55,78.9,Raipur
STU0084,Student_84,21,Female,AI&DS,5,8.87,66.7,Hyderabad
STU0085,Student_85,19,Male,ME,2,8.05,97.2,Hyderabad
STU0086,Student_86,24,Female,AI&DS,4,5.83,87.6,Bangalore
STU0087,Student_87,21,Male,AI&DS,5,9.24,84.0,Raipur
STU0088,Student_88,18,Female,EE,7,8.41,62.8,Bangalore
STU0089,Student_89,23,Male,CE,8,5.96,98.4,Bangalore
STU0090,Student_90,25,Male,CE,3,8.73,98.6,Delhi
STU0091,Student_91,25,Female,CE,5,6.92,69.8,Raipur
STU0092,Student_92,22,Female,ECE,8,8.01,86.7,Delhi
STU0093,Student_93,18,Female,ME,3,7.65,74.2,Delhi
STU0094,Student_94,23,Female,EE,5,7.95,80.7,Mumbai
STU0095,Student_95,19,Male,AI&DS,7,7.65,90.3,Bangalore
STU0096,Student_96,25,Female,CE,1,5.91,68.9,Bangalore
STU0097,Student_97,21,Female,AI&DS,6,7.58,81.2,Pune
STU0098,Student_98,23,Female,AI&DS,8,6.69,70.1,Raipur
STU0099,Student_99,21,Female,CSE,3,6.34,89.5,Delhi
STU0100,Student_100,22,Male,ECE,5,6.5,67.2,Raipur
STU0101,Student_101,20,Female,CSE,1,7.93,87.9,Mumbai
STU0102,Student_102,25,Male,CSE,5,7.57,77.6,Mumbai
STU0103,Student_103,18,Female,CE,2,9.12,76.0,Raipur
STU0104,Student_104,18,Male,ECE,5,5.87,69.9,Hyderabad
STU0105,Student_105,24,Male,EE,7,7.48,77.7,Hyderabad
STU0106,Student_106,24,Female,EE,1,8.18,89.6,Mumbai
STU0107,Student_107,21,Female,AI&DS,2,6.19,67.0,Raipur
STU0108,Student_108,20,Male,CE,8,8.53,78.8,Raipur
STU0109,Student_109,21,Female,AI&DS,5,8.59,78.2,Bangalore
STU0110,Student_110,21,Female,AI&DS,4,7.37,81.8,Bangalore
STU0111,Student_111,20,Female,ECE,2,5.76,91.7,Hyderabad
STU0112,Student_112,22,Female,CSE,8,8.53,88.0,Delhi
STU0113,Student_113,25,Female,CSE,1,9.41,89.4,Hyderabad
STU0114,Student_114,22,Male,CSE,4,9.73,93.4,Hyderabad
STU0115,Student_115,18,Female,EE,1,8.86,67.0,Hyderabad
STU0116,Student_116,25,Female,ECE,7,8.29,79.7,Raipur
STU0117,Student_117,25,Female,CE,6,6.91,64.2,Mumbai
STU0118,Student_118,23,Female,AI&DS,8,6.77,97.8,Hyderabad
STU0119,Student_119,18,Female,CSE,6,6.61,64.6,Pune
STU0120,Student_120,18,Female,CE,1,6.33,74.5,Pune
STU0121,Student_121,25,Male,ECE,5,7.92,97.1,Pune
STU0122,Student_122,25,Male,CSE,4,8.62,72.4,Raipur
STU0123,Student_123,24,Male,ECE,2,7.53,64.7,Mumbai
STU0124,Student_124,25,Female,EE,5,7.33,79.3,Pune
STU0125,Student_125,21,Female,EE,3,7.19,96.9,Hyderabad
STU0126,Student_126,20,Male,ME,7,7.0,91.5,Delhi
STU0127,Student_127,18,Female,AI&DS,5,9.18,83.2,Bangalore
STU0128,Student_128,25,Male,CE,8,7.02,82.1,Hyderabad
STU0129,Student_129,24,Female,ME,4,9.82,69.6,Pune
STU0130,Student_130,21,Female,CSE,6,8.78,88.2,Pune
STU0131,Student_131,24,Male,CE,1,6.06,98.6,Delhi
STU0132,Student_132,19,Female,CSE,8,5.57,65.8,Bangalore
STU0133,Student_133,20,Male,CE,5,6.99,87.7,Bangalore
STU0134,Student_134,19,Female,AI&DS,7,9.7,85.1,Pune
STU0135,Student_135,18,Male,ECE,5,9.89,89.9,Pune
STU0136,Student_136,19,Male,CE,3,8.55,96.1,Raipur
STU0137,Student_137,23,Male,ME,6,7.15,65.8,Hyderabad
STU0138,Student_138,24,Male,ECE,3,5.85,94.8,Hyderabad
STU0139,Student_139,21,Female,EE,3,6.52,85.5,Pune
STU0140,Student_140,22,Male,CE,5,8.48,66.3,Pune
STU0141,Student_141,23,Female,AI&DS,7,8.54,78.3,Delhi
STU0142,Student_142,21,Female,CE,2,6.54,82.9,Hyderabad
STU0143,Student_143,22,Female,CSE,7,6.71,82.6,Bangalore
STU0144,Student_144,18,Female,ME,4,8.17,74.1,Bangalore
STU0145,Student_145,21,Female,AI&DS,3,8.26,96.1,Bangalore
STU0146,Student_146,18,Female,CE,1,8.05,89.3,Raipur
STU0147,Student_147,22,Female,AI&DS,7,6.27,65.3,Hyderabad
STU0148,Student_148,23,Female,ECE,5,9.52,97.8,Delhi
STU0149,Student_149,23,Male,CE,2,6.12,98.7,Bangalore
STU0150,Student_150,24,Female,CSE,7,5.56,81.5,Pune
STU0151,Student_151,23,Female,EE,7,9.12,97.6,Raipur
STU0152,Student_152,21,Female,CSE,6,9.53,68.9,Raipur
STU0153,Student_153,25,Female,AI&DS,7,6.01,61.8,Raipur
STU0154,Student_154,22,Female,CSE,2,6.53,81.5,Pune
STU0155,Student_155,25,Female,AI&DS,7,8.08,89.1,Pune
STU0156,Student_156,19,Female,EE,7,9.63,71.2,Bangalore
STU0157,Student_157,23,Male,CE,8,9.68,94.2,Raipur
STU0158,Student_158,23,Female,CSE,7,6.71,98.7,Pune
STU0159,Student_159,19,Male,AI&DS,1,5.72,73.3,Mumbai
STU0160,Student_160,21,Male,EE,4,8.08,92.5,Mumbai
STU0161,Student_161,23,Male,EE,1,6.72,99.4,Mumbai
STU0162,Student_162,22,Male,CSE,1,6.08,74.3,Mumbai
STU0163,Student_163,23,Male,ECE,5,5.73,89.7,Hyderabad
STU0164,Student_164,19,Male,CE,8,8.92,80.5,Raipur
STU0165,Student_165,25,Male,EE,1,8.7,96.4,Bangalore
STU0166,Student_166,22,Female,AI&DS,1,5.77,79.2,Pune
STU0167,Student_167,24,Male,CE,8,5.82,63.2,Hyderabad
STU0168,Student_168,20,Male,ECE,5,8.25,83.4,Bangalore
STU0169,Student_169,23,Female,EE,5,7.5,84.2,Raipur
STU0170,Student_170,19,Male,CE,8,9.41,76.6,Pune
STU0171,Student_171,24,Female,AI&DS,2,6.88,72.5,Delhi
STU0172,Student_172,23,Male,AI&DS,8,5.8,93.3,Raipur
STU0173,Student_173,24,Male,AI&DS,6,9.07,82.3,Hyderabad
STU0174,Student_174,23,Male,CE,6,9.34,97.6,Pune
STU0175,Student_175,18,Female,EE,5,7.05,83.1,Mumbai
STU0176,Student_176,20,Female,ECE,2,7.04,82.3,Raipur
STU0177,Student_177,22,Male,CE,1,8.18,86.3,Bangalore
STU0178,Student_178,22,Male,ECE,5,8.59,72.4,Delhi
STU0179,Student_179,23,Male,ECE,3,7.99,76.0,Mumbai
STU0180,Student_180,18,Male,AI&DS,4,7.16,78.1,Mumbai
STU0181,Student_181,23,Female,AI&DS,6,8.92,82.7,Raipur
STU0182,Student_182,18,Male,ECE,1,8.47,70.9,Bangalore
STU0183,Student_183,24,Female,EE,8,7.32,68.6,Hyderabad
STU0184,Student_184,19,Female,CE,2,6.75,87.1,Pune
STU0185,Student_185,22,Male,ECE,7,9.83,62.2,Mumbai
STU0186,Student_186,22,Male,ECE,5,6.77,64.8,Pune
STU0187,Student_187,24,Male,ECE,7,7.84,69.2,Hyderabad
STU0188,Student_188,23,Male,CE,1,7.42,78.4,Raipur
STU0189,Student_189,23,Female,EE,7,8.62,76.7,Raipur
STU0190,Student_190,24,Male,ME,3,9.03,84.7,Bangalore
STU0191,Student_191,23,Male,CE,2,6.57,83.6,Hyderabad
STU0192,Student_192,19,Female,ME,6,6.47,91.2,Raipur
STU0193,Student_193,19,Male,ME,6,8.7,92.8,Mumbai
STU0194,Student_194,21,Male,ECE,5,6.37,84.1,Bangalore
STU0195,Student_195,19,Male,AI&DS,8,7.54,82.5,Hyderabad
STU0196,Student_196,25,Female,AI&DS,6,6.16,62.7,Pune
STU0197,Student_197,22,Female,EE,1,7.05,63.0,Pune
STU0198,Student_198,25,Male,CSE,6,9.16,63.1,Raipur
STU0199,Student_199,24,Female,EE,1,7.48,92.4,Bangalore
STU0200,Student_200,21,Female,EE,8,7.71,98.3,Pune
STU0201,Student_201,19,Female,AI&DS,2,7.72,66.9,Mumbai
STU0202,Student_202,25,Female,EE,3,7.1,96.7,Pune
STU0203,Student_203,24,Female,AI&DS,1,8.97,85.9,Raipur
STU0204,Student_204,23,Male,EE,7,6.75,88.9,Bangalore
STU0205,Student_205,20,Female,CSE,3,9.53,72.4,Bangalore
STU0206,Student_206,24,Male,EE,2,6.86,75.1,Delhi
STU0207,Student_207,20,Male,AI&DS,7,7.74,60.7,Delhi
STU0208,Student_208,20,Male,ME,8,6.34,100.0,Mumbai
STU0209,Student_209,19,Female,CSE,1,8.41,95.1,Hyderabad
STU0210,Student_210,20,Female,ECE,3,6.3,87.7,Hyderabad
STU0211,Student_211,20,Female,CSE,7,7.1,88.8,Pune
STU0212,Student_212,22,Female,ECE,4,6.86,92.3,Pune
STU0213,Student_213,21,Female,AI&DS,8,7.53,71.3,Pune
STU0214,Student_214,24,Male,ECE,3,9.34,62.1,Pune
STU0215,Student_215,23,Male,AI&DS,2,6.75,90.5,Delhi
STU0216,Student_216,25,Male,CE,2,9.66,68.9,Pune
STU0217,Student_217,23,Male,CE,1,7.24,75.0,Pune
STU0218,Student_218,19,Female,ECE,1,6.9,64.0,Bangalore
STU0219,Student_219,23,Male,ECE,1,6.76,93.2,Bangalore
STU0220,Student_220,20,Female,CE,1,9.49,60.8,Mumbai
STU0221,Student_221,20,Female,CSE,5,6.55,64.9,Mumbai
STU0222,Student_222,24,Female,CSE,2,9.18,80.0,Hyderabad
STU0223,Student_223,18,Male,AI&DS,3,6.78,60.1,Delhi
STU0224,Student_224,21,Female,ECE,2,7.8,74.4,Hyderabad
STU0225,Student_225,18,Female,CE,1,8.3,99.2,Delhi
STU0226,Student_226,18,Female,CSE,6,6.56,86.3,Raipur
STU0227,Student_227,23,Male,CSE,6,7.9,92.5,Mumbai
STU0228,Student_228,25,Female,AI&DS,3,9.07,62.5,Pune
STU0229,Student_229,18,Female,ECE,1,8.98,95.4,Delhi
STU0230,Student_230,22,Female,EE,8,6.61,90.1,Mumbai
STU0231,Student_231,22,Female,CSE,6,6.7,92.0,Pune
STU0232,Student_232,24,Female,CE,6,9.78,79.8,Pune
STU0233,Student_233,23,Female,CSE,7,5.85,84.1,Mumbai
STU0234,Student_234,22,Female,CSE,2,6.94,71.8,Pune
STU0235,Student_235,24,Male,AI&DS,8,7.05,61.7,Delhi
STU0236,Student_236,24,Female,AI&DS,1,5.83,85.5,Delhi
STU0237,Student_237,20,Male,ECE,8,5.65,62.7,Bangalore
STU0238,Student_238,23,Female,CE,1,8.16,87.2,Delhi
STU0239,Student_239,23,Female,CSE,3,7.83,75.9,Bangalore
STU0240,Student_240,22,Male,CSE,1,8.74,80.0,Pune
STU0241,Student_241,19,Female,ME,8,6.44,84.5,Bangalore
STU0242,Student_242,25,Male,CSE,3,9.25,78.1,Bangalore
STU0243,Student_243,25,Male,AI&DS,6,8.44,88.4,Hyderabad
STU0244,Student_244,22,Female,ECE,3,8.99,80.4,Raipur
STU0245,Student_245,21,Male,ECE,8,5.62,82.2,Delhi
STU0246,Student_246,25,Male,EE,2,5.79,75.9,Bangalore
STU0247,Student_247,25,Female,CE,2,6.05,72.7,Raipur
STU0248,Student_248,25,Female,AI&DS,6,6.06,93.2,Hyderabad
STU0249,Student_249,20,Male,CE,1,9.16,80.7,Delhi
STU0250,Student_250,20,Male,ME,4,7.02,97.6,Delhi
STU0251,Student_251,19,Female,ECE,5,6.05,72.1,Hyderabad
STU0252,Student_252,19,Male,EE,3,6.25,85.0,Hyderabad
STU0253,Student_253,23,Male,CSE,2,5.7,85.7,Hyderabad
STU0254,Student_254,22,Male,EE,7,8.22,61.2,Bangalore
STU0255,Student_255,22,Female,CE,4,9.04,87.4,Delhi
STU0256,Student_256,25,Male,AI&DS,1,6.2,76.6,Pune
STU0257,Student_257,21,Female,EE,3,6.88,88.7,Bangalore
STU0258,Student_258,23,Female,ECE,6,7.77,64.2,Mumbai
STU0259,Student_259,25,Male,ME,8,6.59,63.9,Delhi
STU0260,Student_260,24,Female,ECE,3,9.08,97.4,Bangalore
STU0261,Student_261,23,Male,ECE,8,9.88,78.7,Delhi
STU0262,Student_262,25,Male,CSE,7,7.72,98.7,Mumbai
STU0263,Student_263,23,Male,CSE,5,7.68,95.3,Bangalore
STU0264,Student_264,25,Female,EE,1,9.23,77.2,Delhi
STU0265,Student_265,23,Female,ME,1,7.26,82.8,Mumbai
STU0266,Student_266,23,Female,CSE,7,7.72,90.6,Delhi
STU0267,Student_267,19,Male,CSE,7,7.14,99.5,Hyderabad
STU0268,Student_268,23,Male,ECE,7,7.7,61.8,Mumbai
STU0269,Student_269,23,Female,EE,8,6.16,95.7,Mumbai
STU0270,Student_270,23,Female,ECE,7,9.86,89.6,Delhi
STU0271,Student_271,23,Female,AI&DS,5,7.59,60.7,Delhi
STU0272,Student_272,19,Female,EE,5,9.01,89.0,Bangalore
STU0273,Student_273,18,Female,ME,4,8.67,83.3,Mumbai
STU0274,Student_274,24,Male,AI&DS,4,5.64,97.9,Raipur
STU0275,Student_275,21,Male,CE,6,7.34,76.5,Mumbai
STU0276,Student_276,24,Female,AI&DS,1,8.61,80.7,Hyderabad
STU0277,Student_277,23,Female,EE,7,6.88,66.9,Hyderabad
STU0278,Student_278,23,Female,AI&DS,5,8.18,67.7,Mumbai
STU0279,Student_279,22,Female,ECE,5,8.89,88.2,Bangalore
STU0280,Student_280,25,Female,CE,6,7.97,97.4,Bangalore
STU0281,Student_281,22,Female,CSE,7,9.44,75.8,Delhi
STU0282,Student_282,20,Female,CSE,5,9.7,63.2,Pune
STU0283,Student_283,22,Female,ECE,4,9.14,70.8,Hyderabad
STU0284,Student_284,22,Male,CSE,4,6.57,86.8,Hyderabad
STU0285,Student_285,21,Male,CSE,2,7.32,88.7,Raipur
STU0286,Student_286,20,Male,EE,3,7.29,97.4,Pune
STU0287,Student_287,25,Male,ME,6,6.76,62.4,Raipur
STU0288,Student_288,21,Male,ECE,7,9.38,67.0,Raipur
STU0289,Student_289,24,Female,ECE,5,9.36,60.4,Hyderabad
STU0290,Student_290,19,Female,ME,8,9.85,81.7,Pune
STU0291,Student_291,20,Female,ME,4,9.06,73.2,Bangalore
STU0292,Student_292,25,Female,AI&DS,3,5.56,73.5,Delhi
STU0293,Student_293,21,Male,EE,7,9.14,80.6,Raipur
STU0294,Student_294,24,Male,ECE,3,7.6,97.4,Raipur
STU0295,Student_295,22,Female,ECE,8,8.82,98.2,Delhi
STU0296,Student_296,18,Female,AI&DS,6,8.55,62.5,Raipur
STU0297,Student_297,25,Female,ECE,7,8.52,96.9,Bangalore
STU0298,Student_298,22,Male,AI&DS,5,7.12,68.8,Mumbai
STU0299,Student_299,25,Male,CE,6,7.33,82.0,Pune
STU0300,Student_300,21,Male,AI&DS,2,7.81,81.1,Delhi
STU0301,Student_301,19,Male,CSE,4,8.02,66.0,Delhi
STU0302,Student_302,25,Male,AI&DS,4,8.65,79.6,Hyderabad
STU0303,Student_303,25,Male,CE,3,7.76,78.3,Raipur
STU0304,Student_304,25,Female,AI&DS,1,7.24,92.7,Bangalore
STU0305,Student_305,21,Male,CSE,7,7.02,62.6,Raipur
STU0306,Student_306,19,Female,CSE,5,7.3,90.8,Bangalore
STU0307,Student_307,24,Female,CE,8,9.33,96.3,Pune
STU0308,Student_308,19,Male,AI&DS,6,6.02,99.7,Pune
STU0309,Student_309,20,Male,CSE,1,9.81,78.5,Bangalore
STU0310,Student_310,24,Female,ECE,4,7.53,66.2,Mumbai
STU0311,Student_311,19,Male,AI&DS,7,8.21,97.4,Raipur
STU0312,Student_312,21,Male,CSE,2,8.11,77.9,Bangalore
STU0313,Student_313,18,Male,AI&DS,1,7.27,69.4,Mumbai
STU0314,Student_314,18,Male,EE,5,6.53,96.7,Hyderabad
STU0315,Student_315,23,Female,ECE,5,9.36,99.4,Hyderabad
STU0316,Student_316,21,Female,ME,5,5.77,97.9,Bangalore
STU0317,Student_317,20,Female,EE,8,5.71,73.8,Bangalore
STU0318,Student_318,24,Female,AI&DS,7,7.3,72.0,Mumbai
STU0319,Student_319,25,Male,ECE,5,9.27,65.8,Pune
STU0320,Student_320,18,Female,CE,3,7.21,70.2,Delhi
STU0321,Student_321,19,Female,ME,2,7.86,93.2,Raipur
STU0322,Student_322,22,Female,AI&DS,1,9.34,67.5,Hyderabad
STU0323,Student_323,21,Female,ECE,6,6.83,96.4,Mumbai
STU0324,Student_324,21,Male,AI&DS,8,9.52,87.8,Bangalore
STU0325,Student_325,21,Female,ECE,6,8.91,75.2,Hyderabad
STU0326,Student_326,23,Female,ME,6,7.76,79.9,Raipur
STU0327,Student_327,25,Female,ECE,6,6.88,61.8,Mumbai
STU0328,Student_328,20,Male,ME,7,6.8,67.8,Mumbai
STU0329,Student_329,24,Male,CE,6,6.63,92.9,Bangalore
STU0330,Student_330,25,Female,ECE,6,6.24,88.8,Pune
STU0331,Student_331,20,Male,EE,1,9.19,63.0,Bangalore
STU0332,Student_332,18,Male,CE,3,9.21,69.3,Bangalore
STU0333,Student_333,20,Male,ECE,8,7.14,84.7,Bangalore
STU0334,Student_334,25,Female,CSE,1,7.84,76.5,Raipur
STU0335,Student_335,22,Female,CSE,7,9.05,96.4,Raipur
STU0336,Student_336,19,Male,ECE,4,8.23,70.1,Delhi
STU0337,Student_337,22,Female,CSE,6,9.72,78.4,Mumbai
STU0338,Student_338,21,Female,AI&DS,2,8.38,94.3,Raipur
STU0339,Student_339,19,Female,CE,7,7.93,62.2,Raipur
STU0340,Student_340,20,Male,CE,7,8.34,73.3,Raipur
STU0341,Student_341,18,Male,ECE,8,6.69,97.0,Bangalore
STU0342,Student_342,22,Male,ECE,6,5.57,68.3,Mumbai
STU0343,Student_343,24,Male,ME,3,7.98,82.7,Pune
STU0344,Student_344,23,Female,AI&DS,3,8.98,87.6,Raipur
STU0345,Student_345,23,Male,CSE,7,6.52,63.0,Hyderabad
STU0346,Student_346,24,Female,CSE,5,8.95,78.0,Mumbai
STU0347,Student_347,23,Female,CE,3,8.49,86.4,Raipur
STU0348,Student_348,22,Male,AI&DS,2,5.86,66.2,Bangalore
STU0349,Student_349,20,Female,ME,6,5.97,60.2,Delhi
STU0350,Student_350,25,Female,ME,2,6.08,67.5,Pune
STU0351,Student_351,24,Male,CSE,2,7.06,63.7,Hyderabad
STU0352,Student_352,23,Female,CSE,5,7.32,91.2,Bangalore
STU0353,Student_353,21,Male,AI&DS,7,6.25,70.8,Delhi
STU0354,Student_354,25,Male,CSE,3,7.41,76.8,Pune
STU0355,Student_355,19,Female,ME,4,8.67,79.8,Hyderabad
STU0356,Student_356,21,Female,CSE,3,6.84,98.0,Delhi
STU0357,Student_357,24,Female,CE,6,7.39,92.9,Bangalore
STU0358,Student_358,20,Female,ME,4,7.61,67.1,Pune
STU0359,Student_359,23,Female,AI&DS,8,9.76,91.3,Delhi
STU0360,Student_360,24,Female,CE,6,6.0,82.6,Hyderabad
STU0361,Student_361,20,Male,AI&DS,8,9.65,68.4,Delhi
STU0362,Student_362,19,Female,AI&DS,8,6.11,72.1,Delhi
STU0363,Student_363,20,Female,CE,2,7.48,83.9,Hyderabad
STU0364,Student_364,24,Female,EE,1,8.98,74.4,Hyderabad
STU0365,Student_365,19,Male,ECE,6,6.23,84.5,Hyderabad
STU0366,Student_366,24,Female,CE,2,5.55,70.3,Hyderabad
STU0367,Student_367,21,Female,ME,7,7.54,87.2,Bangalore
STU0368,Student_368,20,Female,CSE,8,5.96,76.6,Raipur
STU0369,Student_369,19,Male,ME,5,7.01,91.4,Hyderabad
STU0370,Student_370,25,Female,CE,2,7.43,87.9,Delhi
STU0371,Student_371,19,Female,CSE,2,5.6,73.7,Raipur
STU0372,Student_372,20,Male,EE,3,7.93,73.2,Pune
STU0373,Student_373,25,Male,CE,3,6.32,86.3,Pune
STU0374,Student_374,18,Male,CE,7,7.21,88.2,Mumbai
STU0375,Student_375,22,Male,EE,2,9.02,81.5,Delhi
STU0376,Student_376,23,Male,CE,2,6.65,94.5,Hyderabad
STU0377,Student_377,23,Female,EE,7,8.08,73.9,Pune
STU0378,Student_378,20,Female,EE,2,8.46,72.5,Mumbai
STU0379,Student_379,22,Male,ECE,6,8.55,80.4,Pune
STU0380,Student_380,20,Female,CE,3,7.64,81.5,Bangalore
STU0381,Student_381,20,Male,CE,5,6.12,72.6,Pune
STU0382,Student_382,18,Female,CSE,8,6.1,92.6,Hyderabad
STU0383,Student_383,25,Female,AI&DS,8,7.33,93.6,Pune
STU0384,Student_384,20,Male,EE,1,9.0,68.8,Raipur
STU0385,Student_385,22,Male,EE,5,6.24,78.3,Bangalore
STU0386,Student_386,25,Male,EE,2,6.68,81.7,Delhi
STU0387,Student_387,18,Female,EE,4,9.86,64.1,Bangalore
STU0388,Student_388,21,Female,CSE,8,6.66,94.5,Raipur
STU0389,Student_389,25,Male,ECE,4,9.07,83.5,Delhi
STU0390,Student_390,24,Male,EE,3,8.95,92.5,Raipur
STU0391,Student_391,23,Female,EE,3,6.92,88.2,Delhi
STU0392,Student_392,22,Male,ECE,7,9.54,99.7,Bangalore
STU0393,Student_393,20,Male,ECE,3,8.63,93.1,Bangalore
STU0394,Student_394,24,Female,ECE,5,8.26,75.0,Raipur
STU0395,Student_395,19,Female,EE,5,8.56,95.1,Pune
STU0396,Student_396,25,Female,EE,1,9.32,93.9,Raipur
STU0397,Student_397,25,Female,CSE,7,6.46,77.2,Mumbai
STU0398,Student_398,25,Female,ME,5,6.99,83.1,Hyderabad
STU0399,Student_399,25,Female,AI&DS,1,5.7,85.0,Pune
STU0400,Student_400,18,Male,ECE,8,7.51,99.7,Pune
STU0401,Student_401,21,Male,AI&DS,5,6.2,97.3,Delhi
STU0402,Student_402,19,Female,ME,2,7.14,96.2,Mumbai
STU0403,Student_403,18,Female,AI&DS,5,8.69,90.2,Pune
STU0404,Student_404,19,Male,CSE,4,7.6,65.3,Mumbai
STU0405,Student_405,25,Male,CSE,6,9.1,99.5,Pune
STU0406,Student_406,20,Female,CSE,4,7.19,89.2,Raipur
STU0407,Student_407,19,Female,ME,5,6.1,90.9,Mumbai
STU0408,Student_408,20,Male,EE,1,8.19,66.6,Delhi
STU0409,Student_409,21,Male,CE,8,9.28,63.5,Raipur
STU0410,Student_410,20,Male,EE,7,7.05,77.2,Mumbai
STU0411,Student_411,21,Female,AI&DS,2,6.59,84.0,Bangalore
STU0412,Student_412,22,Male,AI&DS,5,6.4,84.3,Mumbai
STU0413,Student_413,24,Female,AI&DS,1,8.95,91.8,Mumbai
STU0414,Student_414,25,Female,CSE,4,7.7,83.8,Hyderabad
STU0415,Student_415,18,Female,ME,3,7.2,93.6,Pune
STU0416,Student_416,23,Male,CE,2,5.57,62.7,Delhi
STU0417,Student_417,21,Male,CSE,7,7.73,85.1,Hyderabad
STU0418,Student_418,24,Female,AI&DS,7,5.86,81.5,Hyderabad
STU0419,Student_419,20,Female,CSE,5,5.85,96.8,Mumbai
STU0420,Student_420,23,Female,EE,2,6.86,77.5,Mumbai
STU0421,Student_421,18,Male,CSE,7,6.01,84.5,Raipur
STU0422,Student_422,22,Male,CSE,1,8.61,88.1,Mumbai
STU0423,Student_423,25,Female,EE,5,6.23,65.1,Delhi
STU0424,Student_424,19,Male,ME,7,6.7,62.6,Bangalore
STU0425,Student_425,19,Female,CE,6,5.74,94.4,Mumbai
STU0426,Student_426,23,Male,ME,2,9.43,87.0,Raipur
STU0427,Student_427,21,Male,CSE,1,6.58,78.9,Pune
STU0428,Student_428,20,Male,CSE,7,6.49,69.9,Bangalore
STU0429,Student_429,23,Female,CSE,6,6.03,86.9,Raipur
STU0430,Student_430,20,Male,EE,1,9.7,62.8,Pune
STU0431,Student_431,22,Female,ME,2,7.93,60.3,Mumbai
STU0432,Student_432,22,Female,AI&DS,4,7.54,83.7,Pune
STU0433,Student_433,21,Male,ECE,1,9.6,61.0,Hyderabad
STU0434,Student_434,23,Male,ME,1,8.84,75.1,Bangalore
STU0435,Student_435,22,Male,ECE,4,7.35,98.4,Mumbai
STU0436,Student_436,22,Male,CSE,4,9.45,80.8,Bangalore
STU0437,Student_437,23,Female,AI&DS,2,8.06,80.2,Bangalore
STU0438,Student_438,24,Male,EE,1,7.41,98.6,Mumbai
STU0439,Student_439,22,Female,ME,7,8.58,89.4,Delhi
STU0440,Student_440,25,Female,ECE,2,9.65,65.4,Hyderabad
STU0441,Student_441,19,Male,CSE,3,7.48,72.6,Raipur
STU0442,Student_442,23,Male,CE,5,7.54,94.1,Raipur
STU0443,Student_443,20,Female,AI&DS,1,6.45,94.3,Mumbai
STU0444,Student_444,19,Male,ME,7,7.76,87.1,Delhi
STU0445,Student_445,20,Male,CE,8,7.95,82.0,Raipur
STU0446,Student_446,25,Male,ECE,2,5.55,93.2,Mumbai
STU0447,Student_447,20,Male,CE,6,8.52,97.5,Raipur
STU0448,Student_448,22,Male,CSE,2,6.37,85.8,Mumbai
STU0449,Student_449,19,Female,CSE,1,9.65,62.0,Hyderabad
STU0450,Student_450,24,Female,CE,1,7.18,77.1,Delhi
STU0451,Student_451,21,Male,ME,5,7.46,65.9,Hyderabad
STU0452,Student_452,21,Female,CE,7,9.38,79.2,Raipur
STU0453,Student_453,22,Female,ECE,7,6.38,95.4,Hyderabad
STU0454,Student_454,21,Male,CE,6,7.61,91.3,Delhi
STU0455,Student_455,23,Female,ME,3,5.61,83.9,Raipur
STU0456,Student_456,22,Male,CE,6,8.87,100.0,Mumbai
STU0457,Student_457,19,Male,AI&DS,4,6.67,92.7,Bangalore
STU0458,Student_458,18,Male,EE,7,7.06,93.6,Mumbai
STU0459,Student_459,20,Male,EE,6,9.05,87.9,Hyderabad
STU0460,Student_460,18,Female,EE,3,7.98,67.5,Pune
STU0461,Student_461,22,Male,CE,1,5.9,69.3,Mumbai
STU0462,Student_462,18,Female,CSE,6,9.54,68.1,Mumbai
STU0463,Student_463,23,Male,ME,1,5.6,83.5,Mumbai
STU0464,Student_464,19,Female,CSE,6,8.6,86.5,Hyderabad
STU0465,Student_465,19,Female,ME,6,6.1,66.3,Pune
STU0466,Student_466,25,Female,ECE,6,6.48,83.6,Mumbai
STU0467,Student_467,24,Female,AI&DS,5,6.06,89.2,Bangalore
STU0468,Student_468,24,Male,ECE,6,9.55,98.7,Mumbai
STU0469,Student_469,19,Female,ECE,6,8.78,69.5,Delhi
STU0470,Student_470,20,Male,AI&DS,6,7.47,70.6,Mumbai
STU0471,Student_471,19,Female,ME,2,8.67,61.9,Pune
STU0472,Student_472,24,Male,CE,8,9.38,74.0,Pune
STU0473,Student_473,19,Female,EE,4,6.22,62.9,Raipur
STU0474,Student_474,22,Male,ME,5,9.69,63.0,Mumbai
STU0475,Student_475,24,Male,AI&DS,2,7.91,95.9,Raipur
STU0476,Student_476,23,Female,AI&DS,1,7.4,86.1,Hyderabad
STU0477,Student_477,24,Male,CSE,2,6.96,99.0,Pune
STU0478,Student_478,22,Female,ME,4,5.92,75.7,Hyderabad
STU0479,Student_479,25,Male,CSE,6,5.52,63.5,Bangalore
STU0480,Student_480,25,Male,CSE,1,6.41,85.5,Raipur
STU0481,Student_481,25,Male,ME,7,7.57,95.8,Delhi
STU0482,Student_482,19,Female,ECE,6,9.4,74.8,Pune
STU0483,Student_483,18,Female,CE,8,6.66,93.5,Hyderabad
STU0484,Student_484,18,Male,AI&DS,2,5.88,73.8,Hyderabad
STU0485,Student_485,24,Male,EE,1,9.2,92.7,Pune
STU0486,Student_486,25,Male,CE,5,5.85,96.1,Bangalore
STU0487,Student_487,18,Male,CSE,8,6.26,99.4,Mumbai
STU0488,Student_488,21,Male,CSE,7,5.84,87.3,Mumbai
STU0489,Student_489,20,Female,ME,2,5.88,82.3,Hyderabad
STU0490,Student_490,23,Female,EE,8,9.54,60.5,Bangalore
STU0491,Student_491,24,Male,CE,3,6.15,83.5,Raipur
STU0492,Student_492,19,Male,ME,6,9.36,70.6,Bangalore
STU0493,Student_493,25,Female,CSE,3,6.71,65.8,Hyderabad
STU0494,Student_494,24,Male,CE,6,8.54,62.0,Pune
STU0495,Student_495,22,Female,CSE,6,9.1,72.1,Delhi
STU0496,Student_496,25,Male,ECE,3,6.82,89.7,Delhi
STU0497,Student_497,22,Female,EE,2,6.33,68.5,Pune
STU0498,Student_498,25,Female,CSE,3,5.79,88.4,Pune
STU0499,Student_499,20,Male,ECE,4,9.35,68.0,Raipur
STU0500,Student_500,21,Male,CE,1,9.54,88.2,Delhi
STU0501,Student_501,23,Female,EE,7,8.3,65.0,Raipur
STU0502,Student_502,21,Female,CE,8,6.28,94.8,Hyderabad
STU0503,Student_503,23,Female,ECE,5,8.8,87.6,Delhi
STU0504,Student_504,18,Female,CSE,3,9.26,91.2,Mumbai
STU0505,Student_505,21,Male,AI&DS,4,6.68,76.4,Raipur
STU0506,Student_506,18,Female,ECE,3,8.15,60.3,Delhi
STU0507,Student_507,22,Female,CE,7,9.25,78.4,Mumbai
STU0508,Student_508,25,Female,AI&DS,7,8.07,60.3,Bangalore
STU0509,Student_509,23,Female,ME,2,7.62,73.5,Delhi
STU0510,Student_510,23,Female,ME,5,6.33,80.7,Mumbai
STU0511,Student_511,18,Female,AI&DS,6,8.5,88.9,Bangalore
STU0512,Student_512,25,Female,ME,7,7.28,89.5,Hyderabad
STU0513,Student_513,21,Female,AI&DS,4,8.52,85.5,Pune
STU0514,Student_514,23,Female,ECE,3,6.79,78.8,Bangalore
STU0515,Student_515,22,Male,AI&DS,6,8.38,68.9,Mumbai
STU0516,Student_516,22,Female,ME,6,6.65,71.8,Raipur
STU0517,Student_517,25,Male,AI&DS,2,7.58,67.8,Raipur
STU0518,Student_518,24,Female,CE,1,9.33,66.0,Mumbai
STU0519,Student_519,23,Female,EE,8,6.13,94.5,Mumbai
STU0520,Student_520,19,Female,ME,3,6.88,62.3,Pune
STU0521,Student_521,22,Male,ECE,3,7.65,90.5,Raipur
STU0522,Student_522,20,Female,AI&DS,7,7.27,98.6,Pune
STU0523,Student_523,18,Male,EE,4,8.71,98.0,Delhi
STU0524,Student_524,21,Male,AI&DS,1,8.26,70.0,Bangalore
STU0525,Student_525,23,Female,ECE,2,7.19,83.5,Mumbai
STU0526,Student_526,19,Male,ME,5,7.51,80.8,Hyderabad
STU0527,Student_527,23,Female,AI&DS,3,7.01,96.1,Delhi
STU0528,Student_528,21,Male,CE,1,6.51,89.1,Mumbai
STU0529,Student_529,21,Male,EE,3,6.04,88.4,Raipur
STU0530,Student_530,24,Female,EE,1,8.11,61.9,Raipur
STU0531,Student_531,18,Male,AI&DS,2,7.33,75.2,Hyderabad
STU0532,Student_532,22,Female,AI&DS,3,6.4,87.4,Raipur
STU0533,Student_533,22,Female,AI&DS,2,8.41,70.8,Hyderabad
STU0534,Student_534,20,Female,CSE,2,6.74,91.4,Pune
STU0535,Student_535,21,Male,ME,4,7.07,76.4,Mumbai
STU0536,Student_536,18,Female,ECE,8,6.95,60.1,Bangalore
STU0537,Student_537,19,Male,EE,8,6.16,63.6,Hyderabad
STU0538,Student_538,19,Male,ME,4,7.51,99.1,Delhi
STU0539,Student_539,25,Male,CSE,3,9.35,94.1,Delhi
STU0540,Student_540,23,Female,AI&DS,2,5.92,90.3,Raipur
STU0541,Student_541,18,Male,AI&DS,3,6.95,95.8,Hyderabad
STU0542,Student_542,22,Male,ME,6,6.3,76.0,Pune
STU0543,Student_543,22,Female,AI&DS,8,9.02,86.0,Mumbai
STU0544,Student_544,19,Male,AI&DS,1,9.82,93.8,Raipur
STU0545,Student_545,24,Female,EE,8,6.3,75.2,Delhi
STU0546,Student_546,18,Male,CE,8,6.0,76.5,Raipur
STU0547,Student_547,19,Female,AI&DS,6,5.55,94.7,Hyderabad
STU0548,Student_548,21,Female,EE,2,7.4,89.1,Pune
STU0549,Student_549,23,Female,ECE,1,5.55,97.4,Hyderabad
STU0550,Student_550,25,Female,ECE,2,8.81,72.8,Delhi
STU0551,Student_551,22,Male,EE,4,7.92,75.1,Mumbai
STU0552,Student_552,19,Female,CE,8,5.89,79.9,Delhi
STU0553,Student_553,19,Female,AI&DS,1,5.95,76.5,Hyderabad
STU0554,Student_554,18,Male,EE,5,9.42,82.5,Bangalore
STU0555,Student_555,25,Female,ME,1,9.09,93.8,Delhi
STU0556,Student_556,25,Female,AI&DS,8,6.0,90.4,Mumbai
STU0557,Student_557,18,Female,ME,5,7.91,75.0,Raipur
STU0558,Student_558,18,Male,CE,3,9.12,89.7,Pune
STU0559,Student_559,19,Female,EE,4,6.33,97.2,Pune
STU0560,Student_560,21,Female,ECE,6,5.97,76.6,Bangalore
STU0561,Student_561,19,Female,CE,3,9.74,60.2,Bangalore
STU0562,Student_562,18,Female,EE,8,9.57,91.2,Mumbai
STU0563,Student_563,20,Male,CSE,7,8.39,84.2,Delhi
STU0564,Student_564,24,Female,EE,4,6.7,98.5,Delhi
STU0565,Student_565,25,Male,ECE,7,8.15,95.5,Hyderabad
STU0566,Student_566,22,Female,AI&DS,4,6.38,85.0,Delhi
STU0567,Student_567,23,Male,AI&DS,3,7.72,87.8,Delhi
STU0568,Student_568,19,Female,EE,8,8.06,97.7,Bangalore
STU0569,Student_569,24,Female,CE,1,7.8,61.0,Mumbai
STU0570,Student_570,18,Male,ECE,5,8.8,66.4,Delhi
STU0571,Student_571,22,Male,CSE,5,6.4,81.6,Delhi
STU0572,Student_572,25,Male,EE,4,8.77,82.5,Mumbai
STU0573,Student_573,22,Male,CE,7,7.33,91.5,Bangalore
STU0574,Student_574,23,Male,CSE,5,6.39,94.8,Pune
STU0575,Student_575,21,Female,EE,4,8.92,98.6,Delhi
STU0576,Student_576,25,Male,AI&DS,2,6.32,67.0,Hyderabad
STU0577,Student_577,19,Female,CSE,7,6.73,70.6,Mumbai
STU0578,Student_578,22,Male,ME,8,8.62,66.2,Mumbai
STU0579,Student_579,23,Male,AI&DS,5,7.66,82.9,Delhi
STU0580,Student_580,19,Female,EE,4,9.71,80.8,Hyderabad
STU0581,Student_581,20,Female,EE,7,5.9,68.8,Mumbai
STU0582,Student_582,23,Female,ME,5,6.46,90.1,Hyderabad
STU0583,Student_583,25,Male,CSE,6,7.46,96.2,Hyderabad
STU0584,Student_584,21,Male,AI&DS,6,7.18,91.8,Raipur
STU0585,Student_585,24,Female,EE,5,5.61,80.7,Delhi
STU0586,Student_586,25,Female,CSE,5,9.45,67.7,Hyderabad
STU0587,Student_587,19,Male,ECE,1,8.26,68.4,Bangalore
STU0588,Student_588,21,Female,CSE,4,7.87,88.1,Bangalore
STU0589,Student_589,24,Male,AI&DS,3,5.6,88.7,Raipur
STU0590,Student_590,19,Male,CSE,3,8.99,82.3,Hyderabad
STU0591,Student_591,21,Female,CE,7,7.48,76.2,Delhi
STU0592,Student_592,18,Female,AI&DS,2,7.85,85.7,Hyderabad
STU0593,Student_593,19,Male,AI&DS,2,7.07,80.1,Delhi
STU0594,Student_594,22,Male,ME,8,7.18,92.9,Raipur
STU0595,Student_595,25,Male,EE,4,6.1,75.6,Hyderabad
STU0596,Student_596,22,Male,ME,6,9.71,60.4,Hyderabad
STU0597,Student_597,20,Male,CSE,1,8.02,75.8,Hyderabad
STU0598,Student_598,19,Female,ECE,6,6.43,96.2,Hyderabad
STU0599,Student_599,20,Male,ECE,4,8.21,70.1,Raipur
STU0600,Student_600,20,Male,EE,8,8.34,62.9,Bangalore
STU0601,Student_601,19,Female,CSE,4,8.69,79.5,Delhi
STU0602,Student_602,23,Male,AI&DS,4,5.94,84.8,Mumbai
STU0603,Student_603,23,Female,CE,6,8.21,72.2,Hyderabad
STU0604,Student_604,20,Female,ME,7,6.24,72.5,Mumbai
STU0605,Student_605,24,Female,ME,3,8.49,73.3,Pune
STU0606,Student_606,25,Female,ME,5,7.64,64.4,Bangalore
STU0607,Student_607,19,Female,ECE,4,6.66,95.5,Raipur
STU0608,Student_608,19,Male,EE,1,9.08,83.2,Hyderabad
STU0609,Student_609,21,Male,EE,5,7.89,99.9,Pune
STU0610,Student_610,20,Female,CE,4,9.42,83.6,Delhi
STU0611,Student_611,20,Female,EE,2,7.25,80.1,Bangalore
STU0612,Student_612,21,Male,EE,3,7.46,67.2,Hyderabad
STU0613,Student_613,20,Female,ME,1,6.46,79.5,Raipur
STU0614,Student_614,22,Female,ECE,1,8.44,80.7,Delhi
STU0615,Student_615,24,Female,CE,1,5.68,85.9,Raipur
STU0616,Student_616,22,Female,EE,3,7.16,75.1,Hyderabad
STU0617,Student_617,19,Female,CE,4,7.77,74.1,Delhi
STU0618,Student_618,25,Female,EE,1,7.71,65.6,Mumbai
STU0619,Student_619,21,Male,EE,5,6.43,67.5,Delhi
STU0620,Student_620,19,Male,CE,6,8.67,79.3,Pune
STU0621,Student_621,25,Male,EE,3,8.35,76.4,Mumbai
STU0622,Student_622,18,Male,EE,3,6.09,80.5,Hyderabad
STU0623,Student_623,20,Male,ECE,5,9.56,80.7,Pune
STU0624,Student_624,18,Female,CSE,4,7.48,99.7,Pune
STU0625,Student_625,20,Male,CE,3,9.0,92.8,Mumbai
STU0626,Student_626,22,Male,AI&DS,6,9.56,83.9,Raipur
STU0627,Student_627,21,Female,CE,3,5.98,68.1,Hyderabad
STU0628,Student_628,24,Male,EE,2,6.28,96.1,Hyderabad
STU0629,Student_629,18,Male,CSE,8,8.4,96.1,Hyderabad
STU0630,Student_630,18,Female,EE,7,7.13,61.7,Hyderabad
STU0631,Student_631,24,Male,CE,7,7.04,92.2,Bangalore
STU0632,Student_632,19,Female,ECE,5,7.6,69.3,Raipur
STU0633,Student_633,22,Female,ME,4,5.52,89.7,Raipur
STU0634,Student_634,19,Male,CE,4,8.53,72.6,Delhi
STU0635,Student_635,19,Male,CE,5,6.65,81.4,Hyderabad
STU0636,Student_636,23,Female,AI&DS,7,8.82,76.5,Hyderabad
STU0637,Student_637,25,Male,ME,8,6.62,72.3,Delhi
STU0638,Student_638,24,Male,AI&DS,2,8.79,77.9,Bangalore
STU0639,Student_639,20,Male,ECE,7,8.96,92.0,Hyderabad
STU0640,Student_640,18,Male,CE,1,9.04,92.9,Pune
STU0641,Student_641,24,Male,CSE,5,6.48,63.2,Raipur
STU0642,Student_642,24,Female,EE,5,8.63,83.9,Mumbai
STU0643,Student_643,25,Female,CSE,4,9.24,97.2,Hyderabad
STU0644,Student_644,22,Male,CSE,4,8.21,87.0,Delhi
STU0645,Student_645,21,Male,ECE,2,9.89,91.2,Delhi
STU0646,Student_646,24,Female,EE,4,7.78,89.5,Raipur
STU0647,Student_647,19,Female,AI&DS,6,7.03,92.6,Mumbai
STU0648,Student_648,21,Female,CE,1,6.65,76.3,Raipur
STU0649,Student_649,19,Female,ME,2,9.03,98.3,Hyderabad
STU0650,Student_650,22,Female,CE,8,8.89,90.3,Pune
STU0651,Student_651,25,Male,CE,2,6.63,75.3,Mumbai
STU0652,Student_652,21,Female,CE,6,7.77,60.4,Delhi
STU0653,Student_653,21,Female,CSE,7,8.46,92.8,Raipur
STU0654,Student_654,20,Female,ME,6,6.46,82.9,Mumbai
STU0655,Student_655,21,Female,AI&DS,4,6.53,69.7,Delhi
STU0656,Student_656,21,Male,ECE,4,9.18,74.2,Raipur
STU0657,Student_657,19,Male,AI&DS,8,8.2,90.6,Hyderabad
STU0658,Student_658,18,Female,ME,6,7.67,99.4,Hyderabad
STU0659,Student_659,22,Female,ECE,5,7.25,90.0,Mumbai
STU0660,Student_660,18,Female,CE,1,7.71,75.7,Bangalore
STU0661,Student_661,20,Female,CSE,8,6.89,60.3,Bangalore
STU0662,Student_662,21,Female,EE,2,6.93,84.5,Delhi
STU0663,Student_663,20,Female,ECE,5,7.57,84.5,Delhi
STU0664,Student_664,20,Female,CE,4,7.34,90.1,Delhi
STU0665,Student_665,24,Female,CE,3,8.01,99.2,Bangalore
STU0666,Student_666,21,Male,AI&DS,5,9.04,82.2,Pune
STU0667,Student_667,21,Male,AI&DS,3,7.58,60.4,Pune
STU0668,Student_668,25,Male,AI&DS,6,8.96,72.0,Hyderabad
STU0669,Student_669,18,Female,CSE,3,5.76,92.6,Pune
STU0670,Student_670,19,Female,AI&DS,6,6.64,74.4,Hyderabad
STU0671,Student_671,22,Female,CSE,7,6.03,94.7,Hyderabad
STU0672,Student_672,21,Male,ME,6,6.93,80.4,Bangalore
STU0673,Student_673,25,Male,CE,5,7.54,98.3,Mumbai
STU0674,Student_674,23,Female,AI&DS,7,9.24,62.9,Mumbai
STU0675,Student_675,23,Male,ME,6,8.37,88.4,Hyderabad
STU0676,Student_676,24,Female,CE,6,8.79,80.8,Pune
STU0677,Student_677,24,Male,ECE,1,6.05,69.4,Delhi
STU0678,Student_678,19,Male,ECE,7,5.95,62.6,Pune
STU0679,Student_679,18,Male,CE,2,5.96,84.7,Raipur
STU0680,Student_680,24,Female,ECE,4,8.75,77.7,Mumbai
STU0681,Student_681,20,Male,CSE,1,8.42,94.4,Delhi
STU0682,Student_682,25,Female,EE,5,7.91,65.4,Bangalore
STU0683,Student_683,20,Female,AI&DS,7,7.8,85.6,Delhi
STU0684,Student_684,23,Female,EE,4,9.04,77.7,Delhi
STU0685,Student_685,24,Female,ECE,5,5.55,80.9,Mumbai
STU0686,Student_686,23,Female,CE,1,8.53,79.7,Pune
STU0687,Student_687,22,Male,CE,5,8.13,91.9,Hyderabad
STU0688,Student_688,23,Male,CE,7,7.24,66.5,Bangalore
STU0689,Student_689,24,Female,ECE,5,5.85,85.0,Hyderabad
STU0690,Student_690,22,Female,AI&DS,5,7.32,94.1,Mumbai
STU0691,Student_691,20,Female,CSE,8,8.22,70.9,Hyderabad
STU0692,Student_692,25,Male,ME,1,6.17,98.8,Raipur
STU0693,Student_693,20,Male,ME,5,6.05,77.5,Raipur
STU0694,Student_694,21,Male,ECE,1,7.67,73.7,Delhi
STU0695,Student_695,25,Female,CE,1,6.95,93.7,Mumbai
STU0696,Student_696,18,Female,CE,2,7.89,67.3,Delhi
STU0697,Student_697,24,Male,CSE,4,7.19,99.0,Mumbai
STU0698,Student_698,18,Male,CE,2,7.79,99.3,Pune
STU0699,Student_699,24,Female,ME,3,8.27,61.7,Hyderabad
STU0700,Student_700,19,Female,CE,5,6.37,95.5,Bangalore
STU0701,Student_701,21,Male,ECE,7,6.93,66.7,Delhi
STU0702,Student_702,19,Female,ECE,1,9.76,83.2,Bangalore
STU0703,Student_703,25,Male,ME,2,6.59,80.0,Bangalore
STU0704,Student_704,23,Male,CSE,6,8.34,88.1,Raipur
STU0705,Student_705,20,Female,ECE,6,9.82,91.5,Delhi
STU0706,Student_706,25,Male,CSE,7,7.08,65.4,Raipur
STU0707,Student_707,25,Female,EE,5,7.89,79.6,Hyderabad
STU0708,Student_708,20,Female,ME,8,6.71,93.3,Hyderabad
STU0709,Student_709,20,Male,EE,3,7.48,92.8,Hyderabad
STU0710,Student_710,23,Female,CSE,7,8.73,95.3,Hyderabad
STU0711,Student_711,23,Male,ME,2,8.4,81.6,Pune
STU0712,Student_712,21,Female,EE,3,8.2,72.9,Bangalore
STU0713,Student_713,23,Male,CSE,2,5.69,97.5,Mumbai
STU0714,Student_714,18,Male,CSE,8,6.34,61.3,Bangalore
STU0715,Student_715,24,Female,EE,5,5.72,68.8,Bangalore
STU0716,Student_716,19,Male,ECE,8,9.58,93.3,Pune
STU0717,Student_717,18,Female,EE,7,9.12,91.8,Raipur
STU0718,Student_718,22,Male,AI&DS,2,9.17,63.1,Mumbai
STU0719,Student_719,19,Male,AI&DS,4,7.84,67.6,Hyderabad
STU0720,Student_720,21,Male,EE,7,8.78,90.7,Hyderabad
STU0721,Student_721,23,Female,AI&DS,7,9.38,66.7,Mumbai
STU0722,Student_722,24,Female,AI&DS,3,7.85,84.0,Delhi
STU0723,Student_723,23,Female,ME,7,8.86,77.2,Bangalore
STU0724,Student_724,23,Male,EE,4,7.15,82.0,Bangalore
STU0725,Student_725,22,Female,CE,8,9.72,60.0,Raipur
STU0726,Student_726,22,Male,EE,3,9.87,72.1,Delhi
STU0727,Student_727,21,Male,ME,1,8.89,97.7,Delhi
STU0728,Student_728,20,Male,CSE,8,7.06,65.5,Delhi
STU0729,Student_729,21,Male,ME,5,5.9,76.0,Mumbai
STU0730,Student_730,19,Female,CE,3,7.65,96.0,Bangalore
STU0731,Student_731,19,Female,CSE,7,5.85,62.2,Delhi
STU0732,Student_732,23,Female,CE,2,9.33,69.1,Bangalore
STU0733,Student_733,18,Female,CSE,5,7.81,72.8,Hyderabad
STU0734,Student_734,20,Female,EE,4,6.17,86.9,Pune
STU0735,Student_735,25,Male,ECE,7,6.78,75.8,Mumbai
STU0736,Student_736,23,Male,CE,1,7.91,70.5,Pune
STU0737,Student_737,24,Male,ECE,8,7.96,79.5,Bangalore
STU0738,Student_738,21,Male,ECE,2,6.67,77.2,Bangalore
STU0739,Student_739,19,Male,AI&DS,7,7.36,73.9,Delhi
STU0740,Student_740,23,Male,ME,3,9.85,84.6,Pune
STU0741,Student_741,20,Female,CSE,4,6.38,75.0,Bangalore
STU0742,Student_742,19,Male,AI&DS,1,6.57,84.8,Mumbai
STU0743,Student_743,22,Male,ME,2,6.84,78.8,Delhi
STU0744,Student_744,21,Male,ECE,5,7.91,84.9,Mumbai
STU0745,Student_745,18,Female,EE,1,6.62,62.4,Mumbai
STU0746,Student_746,22,Male,CE,1,5.79,86.4,Bangalore
STU0747,Student_747,23,Male,CSE,5,9.32,86.0,Mumbai
STU0748,Student_748,24,Male,ME,8,9.31,81.3,Mumbai
STU0749,Student_749,21,Female,EE,1,5.67,96.9,Delhi
STU0750,Student_750,23,Female,CE,3,5.58,87.4,Delhi
STU0751,Student_751,22,Male,EE,5,9.07,85.0,Pune
STU0752,Student_752,18,Female,ECE,3,7.0,75.7,Mumbai
STU0753,Student_753,19,Female,EE,4,7.34,82.9,Pune
STU0754,Student_754,22,Female,CE,3,6.41,65.5,Hyderabad
STU0755,Student_755,21,Male,ME,3,7.39,96.4,Mumbai
STU0756,Student_756,20,Female,CSE,2,6.31,93.6,Mumbai
STU0757,Student_757,18,Female,CE,7,6.83,89.8,Bangalore
STU0758,Student_758,22,Male,ECE,2,6.08,61.0,Hyderabad
STU0759,Student_759,22,Male,EE,4,6.52,61.0,Raipur
STU0760,Student_760,25,Male,EE,8,8.63,75.0,Pune
STU0761,Student_761,25,Female,ECE,3,6.35,61.3,Raipur
STU0762,Student_762,22,Female,ECE,4,8.83,62.6,Pune
STU0763,Student_763,25,Female,CE,4,7.38,91.0,Hyderabad
STU0764,Student_764,24,Female,CE,1,7.79,78.1,Raipur
STU0765,Student_765,21,Female,AI&DS,1,7.95,80.6,Bangalore
STU0766,Student_766,18,Male,ME,8,7.25,72.2,Delhi
STU0767,Student_767,25,Male,CE,5,8.2,62.2,Hyderabad
STU0768,Student_768,20,Female,AI&DS,8,5.9,80.0,Mumbai
STU0769,Student_769,20,Female,CE,6,7.48,67.2,Hyderabad
STU0770,Student_770,21,Female,CSE,5,6.93,85.9,Bangalore
STU0771,Student_771,20,Male,CSE,2,8.61,85.4,Raipur
STU0772,Student_772,24,Male,CE,7,5.69,66.8,Delhi
STU0773,Student_773,20,Male,ECE,3,8.88,62.1,Delhi
STU0774,Student_774,22,Female,ME,3,6.02,65.3,Mumbai
STU0775,Student_775,18,Female,CSE,8,7.69,79.9,Raipur
STU0776,Student_776,25,Male,ECE,8,7.5,77.7,Hyderabad
STU0777,Student_777,18,Male,EE,5,8.23,82.3,Mumbai
STU0778,Student_778,18,Male,ECE,1,8.37,61.5,Raipur
STU0779,Student_779,22,Female,CSE,1,5.98,99.7,Mumbai
STU0780,Student_780,22,Male,CE,6,9.6,63.7,Delhi
STU0781,Student_781,23,Female,CE,2,8.84,93.7,Raipur
STU0782,Student_782,22,Female,ECE,2,8.56,71.0,Hyderabad
STU0783,Student_783,24,Male,AI&DS,4,8.19,64.4,Bangalore
STU0784,Student_784,19,Female,AI&DS,5,7.38,93.9,Delhi
STU0785,Student_785,23,Male,EE,8,7.79,85.3,Pune
STU0786,Student_786,20,Male,AI&DS,5,9.81,60.1,Raipur
STU0787,Student_787,25,Male,AI&DS,4,9.02,100.0,Pune
STU0788,Student_788,18,Female,ME,4,5.55,68.0,Delhi
STU0789,Student_789,22,Male,ME,5,7.73,73.0,Raipur
STU0790,Student_790,19,Female,ME,7,8.69,84.6,Raipur
STU0791,Student_791,20,Male,ME,6,9.56,79.2,Pune
STU0792,Student_792,18,Male,CE,3,8.26,95.7,Hyderabad
STU0793,Student_793,23,Female,CE,1,9.17,72.0,Bangalore
STU0794,Student_794,23,Male,ECE,6,9.02,95.5,Delhi
STU0795,Student_795,19,Male,ME,1,6.99,75.0,Hyderabad
STU0796,Student_796,20,Female,ECE,2,9.3,90.1,Bangalore
STU0797,Student_797,23,Male,ME,7,5.88,95.1,Delhi
STU0798,Student_798,25,Female,ECE,5,6.27,75.0,Raipur
STU0799,Student_799,21,Male,CE,1,9.02,96.2,Mumbai
STU0800,Student_800,21,Female,CE,5,8.91,65.7,Raipur
STU0801,Student_801,20,Male,AI&DS,1,7.52,88.5,Hyderabad
STU0802,Student_802,19,Male,ME,1,8.52,83.8,Raipur
STU0803,Student_803,23,Female,CSE,2,7.79,86.4,Delhi
STU0804,Student_804,18,Female,AI&DS,4,6.91,67.7,Delhi
STU0805,Student_805,23,Female,AI&DS,2,6.7,66.3,Raipur
STU0806,Student_806,18,Male,ECE,6,7.92,70.8,Bangalore
STU0807,Student_807,22,Male,ECE,2,6.87,95.7,Hyderabad
STU0808,Student_808,25,Male,ECE,1,7.57,87.0,Raipur
STU0809,Student_809,24,Male,CSE,7,7.22,88.2,Hyderabad
STU0810,Student_810,25,Female,ME,6,9.1,88.5,Bangalore
STU0811,Student_811,19,Female,EE,3,5.91,92.1,Bangalore
STU0812,Student_812,25,Male,CE,5,8.51,88.4,Pune
STU0813,Student_813,25,Male,ECE,3,9.29,84.7,Delhi
STU0814,Student_814,24,Male,AI&DS,6,8.97,95.3,Pune
STU0815,Student_815,25,Male,CSE,8,6.0,79.1,Mumbai
STU0816,Student_816,22,Female,EE,3,7.73,76.2,Bangalore
STU0817,Student_817,19,Female,EE,2,8.99,81.3,Pune
STU0818,Student_818,24,Male,EE,4,7.91,99.0,Pune
STU0819,Student_819,19,Female,ECE,7,8.95,77.4,Delhi
STU0820,Student_820,21,Male,AI&DS,2,8.75,88.5,Pune
STU0821,Student_821,19,Female,ME,2,9.12,67.0,Pune
STU0822,Student_822,19,Male,AI&DS,7,6.94,85.8,Raipur
STU0823,Student_823,19,Male,ECE,1,8.83,86.4,Pune
STU0824,Student_824,22,Female,EE,8,6.36,87.3,Delhi
STU0825,Student_825,22,Female,CE,6,9.86,83.3,Hyderabad
STU0826,Student_826,24,Male,ME,1,7.12,82.0,Raipur
STU0827,Student_827,18,Female,CSE,5,9.31,69.4,Bangalore
STU0828,Student_828,24,Female,AI&DS,7,7.29,77.4,Mumbai
STU0829,Student_829,20,Female,ECE,4,7.94,93.7,Delhi
STU0830,Student_830,24,Male,ME,3,6.09,62.9,Raipur
STU0831,Student_831,20,Female,AI&DS,7,9.79,65.4,Mumbai
STU0832,Student_832,24,Female,AI&DS,7,8.24,78.2,Pune
STU0833,Student_833,25,Female,ME,4,6.32,84.2,Hyderabad
STU0834,Student_834,25,Male,AI&DS,5,7.31,81.8,Delhi
STU0835,Student_835,18,Male,EE,8,8.6,64.5,Pune
STU0836,Student_836,19,Male,AI&DS,5,7.55,63.1,Hyderabad
STU0837,Student_837,19,Male,CE,2,8.51,81.6,Hyderabad
STU0838,Student_838,22,Male,ME,1,7.56,80.5,Pune
STU0839,Student_839,23,Female,ME,5,6.77,61.4,Hyderabad
STU0840,Student_840,22,Female,CSE,8,8.04,82.9,Bangalore
STU0841,Student_841,22,Male,ME,8,5.86,80.2,Delhi
STU0842,Student_842,22,Male,EE,5,6.71,70.3,Bangalore
STU0843,Student_843,19,Male,EE,3,8.4,74.8,Mumbai
STU0844,Student_844,22,Male,CE,3,9.02,94.5,Delhi
STU0845,Student_845,19,Male,EE,3,9.19,90.1,Pune
STU0846,Student_846,24,Male,AI&DS,8,8.69,66.7,Hyderabad
STU0847,Student_847,23,Male,AI&DS,5,8.82,64.6,Mumbai
STU0848,Student_848,25,Female,CE,5,7.6,97.9,Hyderabad
STU0849,Student_849,21,Female,AI&DS,7,7.59,65.8,Pune
STU0850,Student_850,18,Female,CE,7,8.49,98.5,Bangalore
STU0851,Student_851,18,Male,EE,6,9.71,77.3,Bangalore
STU0852,Student_852,22,Female,ME,5,9.03,70.2,Hyderabad
STU0853,Student_853,24,Female,AI&DS,4,8.73,83.5,Mumbai
STU0854,Student_854,23,Male,ME,1,8.46,93.3,Raipur
STU0855,Student_855,24,Male,EE,2,8.52,74.1,Bangalore
STU0856,Student_856,22,Female,ECE,1,5.6,63.7,Hyderabad
STU0857,Student_857,21,Male,AI&DS,2,5.88,84.2,Pune
STU0858,Student_858,20,Male,AI&DS,3,6.61,78.7,Raipur
STU0859,Student_859,25,Female,CE,6,6.63,91.2,Delhi
STU0860,Student_860,18,Female,CE,6,9.88,70.3,Delhi
STU0861,Student_861,20,Female,CSE,8,9.81,68.0,Pune
STU0862,Student_862,20,Female,CSE,3,7.88,77.3,Hyderabad
STU0863,Student_863,19,Female,AI&DS,5,5.95,62.9,Hyderabad
STU0864,Student_864,22,Female,CSE,8,6.15,85.6,Raipur
STU0865,Student_865,24,Female,ECE,6,9.48,83.0,Hyderabad
STU0866,Student_866,25,Female,CE,7,9.21,91.2,Raipur
STU0867,Student_867,21,Male,CE,8,6.03,81.4,Delhi
STU0868,Student_868,23,Female,CE,1,8.28,98.4,Raipur
STU0869,Student_869,23,Female,CSE,8,8.85,71.6,Mumbai
STU0870,Student_870,20,Male,CE,4,6.82,75.6,Raipur
STU0871,Student_871,23,Female,CSE,8,8.74,65.6,Mumbai
STU0872,Student_872,18,Male,CE,7,5.78,81.6,Delhi
STU0873,Student_873,25,Female,CSE,1,6.99,73.5,Bangalore
STU0874,Student_874,18,Female,CSE,4,9.05,86.7,Pune
STU0875,Student_875,20,Male,CSE,1,8.74,79.6,Raipur
STU0876,Student_876,25,Male,ECE,3,5.56,85.3,Delhi
STU0877,Student_877,19,Female,EE,3,9.18,62.6,Raipur
STU0878,Student_878,19,Female,EE,4,5.78,68.1,Delhi
STU0879,Student_879,24,Female,CSE,3,6.91,98.6,Mumbai
STU0880,Student_880,18,Male,ME,2,6.03,65.6,Pune
STU0881,Student_881,20,Female,EE,3,7.43,97.0,Raipur
STU0882,Student_882,20,Male,AI&DS,7,8.92,60.6,Pune
STU0883,Student_883,19,Male,CSE,3,9.58,88.3,Hyderabad
STU0884,Student_884,22,Female,AI&DS,8,8.55,68.2,Bangalore
STU0885,Student_885,22,Female,CE,4,9.63,84.4,Raipur
STU0886,Student_886,20,Female,EE,2,8.26,91.3,Delhi
STU0887,Student_887,24,Male,EE,4,6.34,99.5,Raipur
STU0888,Student_888,23,Male,CE,4,6.72,67.7,Mumbai
STU0889,Student_889,25,Female,ECE,3,8.45,61.7,Bangalore
STU0890,Student_890,23,Female,ECE,7,6.61,84.7,Pune
STU0891,Student_891,18,Male,AI&DS,1,9.57,67.0,Raipur
STU0892,Student_892,25,Male,CSE,4,8.67,83.7,Delhi
STU0893,Student_893,24,Male,AI&DS,6,6.51,64.4,Mumbai
STU0894,Student_894,19,Male,AI&DS,7,9.33,75.0,Mumbai
STU0895,Student_895,19,Female,EE,8,5.74,77.4,Mumbai
STU0896,Student_896,25,Male,CE,6,6.1,88.8,Bangalore
STU0897,Student_897,23,Female,ECE,6,6.06,87.7,Raipur
STU0898,Student_898,22,Male,CSE,8,7.52,66.8,Delhi
STU0899,Student_899,21,Female,EE,3,8.97,85.5,Hyderabad
STU0900,Student_900,20,Male,CSE,7,9.27,79.6,Mumbai
STU0901,Student_901,25,Female,ME,1,8.71,89.4,Mumbai
STU0902,Student_902,21,Female,CE,4,9.42,83.7,Mumbai
STU0903,Student_903,18,Female,CSE,1,9.86,89.3,Hyderabad
STU0904,Student_904,18,Female,EE,7,7.61,91.9,Raipur
STU0905,Student_905,25,Female,ECE,2,7.96,60.5,Bangalore
STU0906,Student_906,24,Male,ECE,6,6.8,85.9,Raipur
STU0907,Student_907,18,Female,AI&DS,5,6.21,78.4,Hyderabad
STU0908,Student_908,18,Female,CE,3,9.35,76.2,Delhi
STU0909,Student_909,25,Male,AI&DS,2,7.19,87.6,Hyderabad
STU0910,Student_910,18,Female,CE,5,8.57,84.5,Hyderabad
STU0911,Student_911,21,Male,EE,6,8.74,62.2,Bangalore
STU0912,Student_912,23,Male,CSE,7,7.11,84.8,Delhi
STU0913,Student_913,23,Male,AI&DS,2,7.97,90.9,Mumbai
STU0914,Student_914,23,Male,EE,2,8.36,89.5,Hyderabad
STU0915,Student_915,21,Male,ME,6,9.45,80.1,Pune
STU0916,Student_916,22,Male,CSE,6,7.02,79.4,Hyderabad
STU0917,Student_917,19,Female,AI&DS,5,7.49,74.7,Bangalore
STU0918,Student_918,19,Male,CE,2,5.85,95.9,Delhi
STU0919,Student_919,19,Male,ECE,5,5.99,65.9,Mumbai
STU0920,Student_920,21,Male,ME,7,9.77,81.7,Mumbai
STU0921,Student_921,25,Female,CE,8,8.75,60.9,Mumbai
STU0922,Student_922,19,Male,ECE,6,7.31,73.7,Bangalore
STU0923,Student_923,23,Female,EE,8,7.52,82.7,Delhi
STU0924,Student_924,20,Female,ECE,8,7.14,71.5,Raipur
STU0925,Student_925,20,Female,ME,8,9.71,84.7,Mumbai
STU0926,Student_926,22,Male,ECE,3,6.21,64.7,Delhi
STU0927,Student_927,20,Female,ME,6,6.31,82.5,Raipur
STU0928,Student_928,23,Female,ECE,6,7.47,99.0,Hyderabad
STU0929,Student_929,22,Male,CSE,7,9.6,90.7,Pune
STU0930,Student_930,23,Male,CSE,6,8.35,71.8,Delhi
STU0931,Student_931,20,Female,ME,2,8.72,96.0,Mumbai
STU0932,Student_932,19,Female,CSE,7,8.22,68.8,Delhi
STU0933,Student_933,19,Female,CSE,4,8.07,68.9,Delhi
STU0934,Student_934,21,Male,CSE,8,8.48,98.3,Hyderabad
STU0935,Student_935,24,Male,CE,6,8.15,80.5,Raipur
STU0936,Student_936,23,Female,ECE,7,7.13,74.9,Delhi
STU0937,Student_937,23,Female,ME,8,9.35,63.5,Bangalore
STU0938,Student_938,25,Female,CE,5,6.22,89.1,Pune
STU0939,Student_939,24,Male,EE,2,6.13,72.1,Hyderabad
STU0940,Student_940,23,Male,EE,7,5.89,76.4,Delhi
STU0941,Student_941,24,Male,EE,8,8.63,90.2,Mumbai
STU0942,Student_942,21,Male,CE,5,7.94,61.7,Delhi
STU0943,Student_943,22,Female,EE,8,6.49,91.6,Mumbai
STU0944,Student_944,22,Female,AI&DS,8,6.05,86.6,Delhi
STU0945,Student_945,24,Male,CE,4,5.63,90.6,Pune
STU0946,Student_946,19,Female,EE,8,7.99,94.7,Bangalore
STU0947,Student_947,25,Male,ME,1,9.22,66.5,Raipur
STU0948,Student_948,20,Female,CE,3,7.07,62.1,Delhi
STU0949,Student_949,24,Female,CSE,5,6.78,85.6,Raipur
STU0950,Student_950,21,Male,CSE,3,7.89,94.9,Bangalore
STU0951,Student_951,22,Female,AI&DS,6,5.92,83.2,Mumbai
STU0952,Student_952,18,Male,EE,5,7.14,79.4,Delhi
STU0953,Student_953,20,Male,ECE,3,7.71,93.3,Hyderabad
STU0954,Student_954,19,Female,CE,2,6.01,65.2,Raipur
STU0955,Student_955,25,Female,ME,6,6.11,77.7,Hyderabad
STU0956,Student_956,23,Male,AI&DS,5,5.63,92.6,Mumbai
STU0957,Student_957,20,Male,AI&DS,4,6.85,68.4,Raipur
STU0958,Student_958,24,Male,CSE,1,8.91,90.3,Raipur
STU0959,Student_959,21,Male,CSE,1,7.56,96.3,Raipur
STU0960,Student_960,19,Female,AI&DS,1,8.82,91.3,Hyderabad
STU0961,Student_961,21,Male,ECE,6,5.63,65.8,Bangalore
STU0962,Student_962,22,Female,ME,3,9.26,91.2,Hyderabad
STU0963,Student_963,21,Male,CSE,1,7.83,88.6,Delhi
STU0964,Student_964,20,Male,AI&DS,2,9.57,96.8,Bangalore
STU0965,Student_965,25,Female,AI&DS,3,7.43,98.3,Mumbai
STU0966,Student_966,23,Female,CE,4,7.76,76.3,Delhi
STU0967,Student_967,19,Female,CSE,3,7.68,74.5,Delhi
STU0968,Student_968,18,Male,ME,8,6.01,71.3,Hyderabad
STU0969,Student_969,22,Female,ECE,7,6.78,94.2,Mumbai
STU0970,Student_970,19,Female,AI&DS,6,6.29,99.9,Pune
STU0971,Student_971,19,Female,CE,2,6.02,75.8,Bangalore
STU0972,Student_972,19,Male,CSE,6,9.79,73.5,Hyderabad
STU0973,Student_973,24,Male,ECE,7,8.69,71.1,Bangalore
STU0974,Student_974,22,Female,ME,8,8.43,98.0,Pune
STU0975,Student_975,22,Male,CE,2,6.04,79.6,Mumbai
STU0976,Student_976,20,Male,CSE,1,9.15,79.9,Raipur
STU0977,Student_977,20,Female,EE,6,6.17,84.9,Raipur
STU0978,Student_978,19,Female,CE,4,6.79,79.9,Hyderabad
STU0979,Student_979,22,Female,EE,1,9.69,61.3,Pune
STU0980,Student_980,19,Female,CE,6,9.25,77.7,Raipur
STU0981,Student_981,18,Male,EE,5,9.39,66.6,Pune
STU0982,Student_982,20,Female,AI&DS,7,7.64,64.4,Bangalore
STU0983,Student_983,25,Female,CE,3,7.73,75.7,Pune
STU0984,Student_984,24,Female,ME,6,5.77,83.6,Mumbai
STU0985,Student_985,23,Female,AI&DS,1,8.87,85.0,Pune
STU0986,Student_986,19,Female,ME,6,7.31,62.3,Mumbai
STU0987,Student_987,21,Male,AI&DS,5,8.11,96.4,Raipur
STU0988,Student_988,22,Male,ME,3,5.59,73.0,Pune
STU0989,Student_989,24,Female,ME,1,8.56,83.5,Delhi
STU0990,Student_990,24,Female,ME,2,9.06,64.0,Bangalore
STU0991,Student_991,21,Female,CE,6,6.23,72.0,Pune
STU0992,Student_992,21,Female,AI&DS,2,9.2,81.4,Delhi
STU0993,Student_993,22,Male,ME,7,9.04,85.0,Raipur
STU0994,Student_994,19,Female,ME,2,7.99,81.2,Pune
STU0995,Student_995,21,Female,CSE,5,7.72,72.0,Bangalore
STU0996,Student_996,23,Male,CE,7,6.61,80.6,Bangalore
STU0997,Student_997,20,Male,AI&DS,3,8.04,68.5,Bangalore
STU0998,Student_998,25,Female,AI&DS,7,9.61,89.1,Raipur
STU0999,Student_999,21,Female,CE,3,6.56,89.9,Delhi
STU1000,Student_1000,24,Female,ME,2,8.29,93.8,Delhi
